Guest_ID,Guest_email,Last_name,First_name,Guest_phone,Gender,DOB,License_no
10001,sangelica781@google.com,Silva,Angelica,731-773-7676,F,1997-07-21,PR54THD2NU
10002,drakeali@outlook.com,Drake,Ali,954-475-3353,M,1966-09-07,88QKB7XXHY
10003,b-joyce4398@hotmail.com,Joyce,Beatriz,852-516-9710,F,1973-05-22,GJ82CMS3FY
10004,charles-mills@gmail.com,Mills,Charles,317-761-9778,M,1982-12-12,FF34SFK4ZY
10005,diya-dennis882@yahoo.com,Dennis,Diya,617-643-8715,F,1975-08-12,KUY58MNC1M
10006,murphy-eric@aol.com,Murphy,Eric,160-183-8534,M,1969-04-11,125689KNMK
10007,moss_fatima@google.com,Moss,Fatima,251-930-7795,F,1998-02-02,80XRO4EMDA
10008,hardy92Gabriel@yahoo.com,Hardy,Gabriel,275-367-9694,M,1988-08-07,UDO53NEP4Z
10009,steelehanna9021@gmail.com,Steele,Hanna,810-074-5364,F,1977-06-16,CCE68LSW8L
10010,llam26@gmail.com,Lam,Leo,265-386-2437,M,1992-08-19,OPB83LPO6W
10011,chapmananthony@outlook.com,Chapman,Anthony,891-524-6668,M,1990-10-20,UBR66LYS3X
10012,carroll-phu@yahoo.com,Carroll,Phu,141-168-4189,M,1993-12-10,SRF87NYQ8Y
10013,levine-joyce@hotmail.net,Levine,Joyce,253-789-8984,F,1986-06-05,UAZ14SNR7G
10014,combsbarry2@outlook.com,Combs,Barry,514-145-8897,M,1986-07-11,XMX16MBI1C
10015,cannonlucas@gmail.com,Cannon,Lucas,772-819-5647,M,1975-02-16,OXU45WHK7O
10016,acox@hotmail.net,Cox,Alexa,824-983-6280,F,1987-03-27,XC57EFK9FU
10017,mcdonald.damian@outlook.couk,Mcdonald,Damien,760-865-9864,M,1983-02-13,WT22DUQ5QY
10018,grace-lynch5273@yahoo.com,Lynch,Grace,317-226-7336,F,1986-04-15,IB67LTH6AJ
10019,glenn-madison@gmail.com,Glenn,Madison,689-246-5851,F,1977-11-15,EUT04MNG1W
10020,cabrera_john@yahoo.com,Cabrera,John,256-468-7812,M,1973-10-19,WIX67TBQ2V
10021,butler_mathew@outlook.com,Butler,Mathew,569-889-5577,M,1968-06-27,YJJ53RXX3S
10022,websterjaquivius@google.com,Webster,Jaquivius,233-127-8519,M,1975-08-12,WOT73KUV2T
10023,bieber_sana@google.com,Bieber,Sana,915-422-1128,F,1982-12-12,NTM24MIF5Y
10024,comptonrachel@hotmail.net,Compton,Racheal,568-784-7823,F,1973-05-22,PHR45HLB9S
10025,tisdale-zac@google.com,Tisdale,Zac,554-784-8845,M,1966-09-07,WIA49JQU7M